MONSTER,MONSTER1,UA,Korean,English
MONSTER,MONSTER2,KR,Korean,
MONSTER,MONSTER3,JP,Korean,Japanese
EUNGYO,EUNGYO1,UA,English,
EUNGYO,EUNGYO2,KR,English,Korean
EUNGYO,EUNGYO3,JP,English,Japanese
BORN IDENTITY,BORN1,UA,English,
BORN IDENTITY,BORN2,KR,English,Korean
BORN IDENTITY,BORN3,JP,Korean,Japanese
Database,Database1,UA,Japanese,English
Database,Database2,KR,Japanese,Korean
Database,Database3,JP,Japanese,
Dessinateur,Dessinateur1,UA,Korean,English
Dessinateur,Dessinateur2,KR,English,Korean
Dessinateur,Dessinateur3,JP,Korean,Japanese
Rip's Toast,Rip's Toast1,UA,Korean,English
Rip's Toast,Rip's Toast2,KR,Korean,
Rip's Toast,Rip's Toast3,JP,English,Japanese
Rescue on the River,Rescue on the River1,UA,English,
Rescue on the River,Rescue on the River2,KR,Japanese,Korean
Rescue on the River,Rescue on the River3,JP,English,Japanese
Haeundae,Haeundae1,UA,Korean,English
Haeundae,Haeundae2,KR,Korean,
Haeundae,Haeundae3,JP,English,Japanese
The Taste of Money,The Taste of Money1,UA,English,
The Taste of Money,The Taste of Money2,KR,English,Korean
The Taste of Money,The Taste of Money3,JP,Korean,Japanese
I Saw The Devil,I Saw The Devil1,UA,English,
I Saw The Devil,I Saw The Devil2,KR,Japanese,Korean
I Saw The Devil,I Saw The Devil3,JP,English,Japanese
Architecture,Architecture1,UA,Korean,English
Architecture,Architecture2,KR,Korean,
Architecture,Architecture3,JP,Japanese,
primaryTitle,primaryTitle1,UA,Korean,English
primaryTitle,primaryTitle2,KR,Japanese,Korean
primaryTitle,primaryTitle3,JP,Korean,Japanese
Carmencita,Carmencita1,UA,Korean,English
Carmencita,Carmencita2,KR,English,Korean
Carmencita,Carmencita3,JP,English,Japanese
Blacksmith Scene,Blacksmith Scene1,UA,Korean,English
Blacksmith Scene,Blacksmith Scene2,KR,Japanese,Korean
Blacksmith Scene,Blacksmith Scene3,JP,English,Japanese
Miss Jerry,Miss Jerry1,UA,Korean,English
Miss Jerry,Miss Jerry2,KR,English,Korean
Miss Jerry,Miss Jerry3,JP,Japanese,
The Clown Barber,The Clown Barber1,UA,Japanese,English
The Clown Barber,The Clown Barber2,KR,Korean,
The Clown Barber,The Clown Barber3,JP,Korean,Japanese
The Derby 1895,The Derby 18951,UA,English,
The Derby 1895,The Derby 18952,KR,Japanese,Korean
The Derby 1895,The Derby 18953,JP,English,Japanese
Whitesmith Scene,Whitesmith Scene1,UA,Korean,English
Whitesmith Scene,Whitesmith Scene2,KR,English,Korean
Whitesmith Scene,Whitesmith Scene3,JP,English,Japanese
The Sea,The Sea1,UA,Korean,English
The Sea,The Sea2,KR,Korean,
The Sea,The Sea3,JP,English,Japanese
Opening of the Kiel Canal,Opening of the Kiel Canal1,UA,Korean,English
Opening of the Kiel Canal,Opening of the Kiel Canal2,KR,Korean,
Opening of the Kiel Canal,Opening of the Kiel Canal3,JP,English,Japanese
Baby's Dinner,Baby's Dinner1,UA,English,
Baby's Dinner,Baby's Dinner2,KR,Korean,
Baby's Dinner,Baby's Dinner3,JP,Korean,Japanese
Trick Riding,Trick Riding1,UA,Korean,English
Trick Riding,Trick Riding2,KR,English,Korean
Trick Riding,Trick Riding3,JP,Japanese,
Watering the Flowers,Watering the Flowers1,UA,English,
Watering the Flowers,Watering the Flowers2,KR,Japanese,Korean
Watering the Flowers,Watering the Flowers3,JP,Korean,Japanese
Awakening of Rip,Awakening of Rip1,UA,Japanese,English
Awakening of Rip,Awakening of Rip2,KR,Japanese,Korean
Awakening of Rip,Awakening of Rip3,JP,English,Japanese
Sea Bathing,Sea Bathing1,UA,Korean,English
Sea Bathing,Sea Bathing2,KR,English,Korean
Sea Bathing,Sea Bathing3,JP,Korean,Japanese
The Ball Game,The Ball Game1,UA,Japanese,English
The Ball Game,The Ball Game2,KR,English,Korean
The Ball Game,The Ball Game3,JP,English,Japanese
Barnet Horse Fair,Barnet Horse Fair1,UA,Korean,English
Barnet Horse Fair,Barnet Horse Fair2,KR,English,Korean
Barnet Horse Fair,Barnet Horse Fair3,JP,English,Japanese
Dancing Darkies,Dancing Darkies1,UA,English,
Dancing Darkies,Dancing Darkies2,KR,Korean,
Dancing Darkies,Dancing Darkies3,JP,English,Japanese
Dancing Girls,Dancing Girls1,UA,Japanese,English
Dancing Girls,Dancing Girls2,KR,English,Korean
Dancing Girls,Dancing Girls3,JP,Korean,Japanese
Danse serpentine,Danse serpentine1,UA,Japanese,English
Danse serpentine,Danse serpentine2,KR,Korean,
Danse serpentine,Danse serpentine3,JP,Japanese,
Buffalo Bill's Show Parade,Buffalo Bill's Show Parade1,UA,English,
Buffalo Bill's Show Parade,Buffalo Bill's Show Parade2,KR,English,Korean
Buffalo Bill's Show Parade,Buffalo Bill's Show Parade3,JP,Japanese,
Apart,Apart1,UA,English,
Apart,Apart2,KR,Japanese,Korean
Apart,Apart3,JP,English,Japanese
House,House1,UA,English,
House,House2,KR,Japanese,Korean
House,House3,JP,Japanese,
Flower,Flower1,UA,Japanese,English
Flower,Flower2,KR,English,Korean
Flower,Flower3,JP,Japanese,
Unloading the Boat,Unloading the Boat1,UA,Korean,English
Unloading the Boat,Unloading the Boat2,KR,English,Korean
Unloading the Boat,Unloading the Boat3,JP,Japanese,
Post No Bills,Post No Bills1,UA,Korean,English
Post No Bills,Post No Bills2,KR,Japanese,Korean
Post No Bills,Post No Bills3,JP,English,Japanese
Automobiles Starting a Race,Automobiles Starting a Race1,UA,Japanese,English
Automobiles Starting a Race,Automobiles Starting a Race2,KR,English,Korean
Automobiles Starting a Race,Automobiles Starting a Race3,JP,English,Japanese
Towing a Boat on the River,Towing a Boat on the River1,UA,English,
Towing a Boat on the River,Towing a Boat on the River2,KR,Korean,
Towing a Boat on the River,Towing a Boat on the River3,JP,Japanese,
A Hard Wash,A Hard Wash1,UA,English,
A Hard Wash,A Hard Wash2,KR,English,Korean
A Hard Wash,A Hard Wash3,JP,Japanese,
Gardener Burning Weeds,Gardener Burning Weeds1,UA,Korean,English
Gardener Burning Weeds,Gardener Burning Weeds2,KR,Japanese,Korean
Gardener Burning Weeds,Gardener Burning Weeds3,JP,Korean,Japanese
Mouse,Mouse1,UA,English,
Mouse,Mouse2,KR,Japanese,Korean
Mouse,Mouse3,JP,Japanese,
Cellphone,Cellphone1,UA,English,
Cellphone,Cellphone2,KR,English,Korean
Cellphone,Cellphone3,JP,Japanese,
Market Day,Market Day1,UA,Korean,English
Market Day,Market Day2,KR,Japanese,Korean
Market Day,Market Day3,JP,Korean,Japanese
The House of the Devil,The House of the Devil1,UA,Korean,English
The House of the Devil,The House of the Devil2,KR,Japanese,Korean
The House of the Devil,The House of the Devil3,JP,Japanese,
Rip Leaving Sleepy Hollow,Rip Leaving Sleepy Hollow1,UA,Korean,English
Rip Leaving Sleepy Hollow,Rip Leaving Sleepy Hollow2,KR,Korean,
Rip Leaving Sleepy Hollow,Rip Leaving Sleepy Hollow3,JP,Korean,Japanese
Rip Meeting the Dwarf,Rip Meeting the Dwarf1,UA,Japanese,English
Rip Meeting the Dwarf,Rip Meeting the Dwarf2,KR,Japanese,Korean
Rip Meeting the Dwarf,Rip Meeting the Dwarf3,JP,English,Japanese
Rip Passing Over the Mountain,Rip Passing Over the Mountain1,UA,Japanese,English
Rip Passing Over the Mountain,Rip Passing Over the Mountain2,KR,Japanese,Korean
Rip Passing Over the Mountain,Rip Passing Over the Mountain3,JP,English,Japanese
Computer,Computer1,UA,English,
Computer,Computer2,KR,Japanese,Korean
Computer,Computer3,JP,English,Japanese
Speaker,Speaker1,UA,Korean,English
Speaker,Speaker2,KR,English,Korean
Speaker,Speaker3,JP,Japanese,
Keyboard,Keyboard1,UA,English,
Keyboard,Keyboard2,KR,English,Korean
Keyboard,Keyboard3,JP,Korean,Japanese
French Regiment Going to the Parade,French Regiment Going to the Parade1,UA,Japanese,English
French Regiment Going to the Parade,French Regiment Going to the Parade2,KR,Korean,
French Regiment Going to the Parade,French Regiment Going to the Parade3,JP,Japanese,
Apple,Apple1,UA,English,
Apple,Apple2,KR,Korean,
Apple,Apple3,JP,Korean,Japanese
Toward a developer,Toward a developer1,UA,Japanese,English
Toward a developer,Toward a developer2,KR,English,Korean
Toward a developer,Toward a developer3,JP,Japanese,
Melbourne,Melbourne1,UA,English,
Melbourne,Melbourne2,KR,Japanese,Korean
Melbourne,Melbourne3,JP,Japanese,
Miss de Vere,Miss de Vere1,UA,English,
Miss de Vere,Miss de Vere2,KR,Korean,
Miss de Vere,Miss de Vere3,JP,Korean,Japanese
Place de la Bastille,Place de la Bastille1,UA,English,
Place de la Bastille,Place de la Bastille2,KR,English,Korean
Place de la Bastille,Place de la Bastille3,JP,Korean,Japanese
The Beach at Villiers in a Gale,The Beach at Villiers in a Gale1,UA,Japanese,English
The Beach at Villiers in a Gale,The Beach at Villiers in a Gale2,KR,English,Korean
The Beach at Villiers in a Gale,The Beach at Villiers in a Gale3,JP,English,Japanese
Smarter than the Teacher,Smarter than the Teacher1,UA,English,
Smarter than the Teacher,Smarter than the Teacher2,KR,English,Korean
Smarter than the Teacher,Smarter than the Teacher3,JP,Japanese,
Closing Hours at Vibert's Perfume Factory,Closing Hours at Vibert's Perfume Factory1,UA,Korean,English
Closing Hours at Vibert's Perfume Factory,Closing Hours at Vibert's Perfume Factory2,KR,Korean,
Closing Hours at Vibert's Perfume Factory,Closing Hours at Vibert's Perfume Factory3,JP,Korean,Japanese
Conjuring,Conjuring1,UA,Korean,English
Conjuring,Conjuring2,KR,Korean,
Conjuring,Conjuring3,JP,English,Japanese
The Terrible Railway Accident,The Terrible Railway Accident1,UA,Japanese,English
The Terrible Railway Accident,The Terrible Railway Accident2,KR,Korean,
The Terrible Railway Accident,The Terrible Railway Accident3,JP,English,Japanese
Tom Old Boot,Tom Old Boot1,UA,Japanese,English
Tom Old Boot,Tom Old Boot2,KR,English,Korean
Tom Old Boot,Tom Old Boot3,JP,Korean,Japanese
Les tribulations d'un concierge,Les tribulations d'un concierge1,UA,Korean,English
Les tribulations d'un concierge,Les tribulations d'un concierge2,KR,English,Korean
Les tribulations d'un concierge,Les tribulations d'un concierge3,JP,Japanese,
Academy for Young Ladies,Academy for Young Ladies1,UA,Korean,English
Academy for Young Ladies,Academy for Young Ladies2,KR,English,Korean
Academy for Young Ladies,Academy for Young Ladies3,JP,Japanese,
Un petit diable,Un petit diable1,UA,English,
Un petit diable,Un petit diable2,KR,Japanese,Korean
Un petit diable,Un petit diable3,JP,Japanese,
Erreur judiciaire,Erreur judiciaire1,UA,Japanese,English
Erreur judiciaire,Erreur judiciaire2,KR,English,Korean
Erreur judiciaire,Erreur judiciaire3,JP,Japanese,
A Terrible Night,A Terrible Night1,UA,Korean,English
A Terrible Night,A Terrible Night2,KR,English,Korean
A Terrible Night,A Terrible Night3,JP,Japanese,
Card Party,Card Party1,UA,Japanese,English
Card Party,Card Party2,KR,English,Korean
Card Party,Card Party3,JP,Korean,Japanese
La voiture du potier,La voiture du potier1,UA,Japanese,English
La voiture du potier,La voiture du potier2,KR,Japanese,Korean
La voiture du potier,La voiture du potier3,JP,Japanese,
The Wandering Negro Minstrels,The Wandering Negro Minstrels1,UA,English,
The Wandering Negro Minstrels,The Wandering Negro Minstrels2,KR,Japanese,Korean
The Wandering Negro Minstrels,The Wandering Negro Minstrels3,JP,Japanese,
A Watermelon Feast,A Watermelon Feast1,UA,English,
A Watermelon Feast,A Watermelon Feast2,KR,Japanese,Korean
A Watermelon Feast,A Watermelon Feast3,JP,English,Japanese
The Bewitched Inn,The Bewitched Inn1,UA,English,
The Bewitched Inn,The Bewitched Inn2,KR,English,Korean
The Bewitched Inn,The Bewitched Inn3,JP,English,Japanese
Baignade dans le torrent,Baignade dans le torrent1,UA,Japanese,English
Baignade dans le torrent,Baignade dans le torrent2,KR,Japanese,Korean
Baignade dans le torrent,Baignade dans le torrent3,JP,English,Japanese
Ballet libella,Ballet libella1,UA,Korean,English
Ballet libella,Ballet libella2,KR,Japanese,Korean
Ballet libella,Ballet libella3,JP,Korean,Japanese
Buffalo Bill and Escort,Buffalo Bill and Escort1,UA,Korean,English
Buffalo Bill and Escort,Buffalo Bill and Escort2,KR,English,Korean
Buffalo Bill and Escort,Buffalo Bill and Escort3,JP,Korean,Japanese
Les cambrioleurs,Les cambrioleurs1,UA,English,
Les cambrioleurs,Les cambrioleurs2,KR,Korean,
Les cambrioleurs,Les cambrioleurs3,JP,Japanese,
En classe,En classe1,UA,English,
En classe,En classe2,KR,Japanese,Korean
En classe,En classe3,JP,Japanese,
Le cocher de fiacre endormi,Le cocher de fiacre endormi1,UA,Japanese,English
Le cocher de fiacre endormi,Le cocher de fiacre endormi2,KR,Japanese,Korean
Le cocher de fiacre endormi,Le cocher de fiacre endormi3,JP,Japanese,
The Corbett-Fitzsimmons Fight,The Corbett-Fitzsimmons Fight1,UA,Japanese,English
The Corbett-Fitzsimmons Fight,The Corbett-Fitzsimmons Fight2,KR,English,Korean
The Corbett-Fitzsimmons Fight,The Corbett-Fitzsimmons Fight3,JP,Japanese,
Le Coucher d'Yvette,Le Coucher d'Yvette1,UA,Japanese,English
Le Coucher d'Yvette,Le Coucher d'Yvette2,KR,Japanese,Korean
Le Coucher d'Yvette,Le Coucher d'Yvette3,JP,Japanese,
Behind the Scenes,Behind the Scenes1,UA,Japanese,English
Behind the Scenes,Behind the Scenes2,KR,Japanese,Korean
Behind the Scenes,Behind the Scenes3,JP,Korean,Japanese
Danse fleur de lotus,Danse fleur de lotus1,UA,English,
Danse fleur de lotus,Danse fleur de lotus2,KR,English,Korean
Danse fleur de lotus,Danse fleur de lotus3,JP,Korean,Japanese
Faust et Marguerite,Faust et Marguerite1,UA,Japanese,English
Faust et Marguerite,Faust et Marguerite2,KR,Japanese,Korean
Faust et Marguerite,Faust et Marguerite3,JP,Korean,Japanese
The Hallucinated Alchemist,The Hallucinated Alchemist1,UA,English,
The Hallucinated Alchemist,The Hallucinated Alchemist2,KR,English,Korean
The Hallucinated Alchemist,The Hallucinated Alchemist3,JP,Japanese,
The Haunted Castle,The Haunted Castle1,UA,Japanese,English
The Haunted Castle,The Haunted Castle2,KR,English,Korean
The Haunted Castle,The Haunted Castle3,JP,English,Japanese
Henley Regatta,Henley Regatta1,UA,Japanese,English
Henley Regatta,Henley Regatta2,KR,English,Korean
Henley Regatta,Henley Regatta3,JP,Japanese,
The Hypnotist at Work,The Hypnotist at Work1,UA,Korean,English
The Hypnotist at Work,The Hypnotist at Work2,KR,Japanese,Korean
The Hypnotist at Work,The Hypnotist at Work3,JP,Japanese,
A Badly Managed Hotel,A Badly Managed Hotel1,UA,Korean,English
A Badly Managed Hotel,A Badly Managed Hotel2,KR,Korean,
A Badly Managed Hotel,A Badly Managed Hotel3,JP,Japanese,
Idylle,Idylle1,UA,Korean,English
Idylle,Idylle2,KR,Korean,
Idylle,Idylle3,JP,Korean,Japanese
Idylle interrompue,Idylle interrompue1,UA,English,
Idylle interrompue,Idylle interrompue2,KR,Japanese,Korean
Idylle interrompue,Idylle interrompue3,JP,English,Japanese
The Devil's Laboratory,The Devil's Laboratory1,UA,Korean,English
The Devil's Laboratory,The Devil's Laboratory2,KR,Korean,
The Devil's Laboratory,The Devil's Laboratory3,JP,Korean,Japanese
The Last Days of Pompeii,The Last Days of Pompeii1,UA,Japanese,English
The Last Days of Pompeii,The Last Days of Pompeii2,KR,English,Korean
The Last Days of Pompeii,The Last Days of Pompeii3,JP,Japanese,
Niagara Falls,Niagara Falls1,UA,English,
Niagara Falls,Niagara Falls2,KR,Korean,
Niagara Falls,Niagara Falls3,JP,Japanese,
Le planton du colonel,Le planton du colonel1,UA,English,
Le planton du colonel,Le planton du colonel2,KR,Korean,
Le planton du colonel,Le planton du colonel3,JP,Korean,Japanese
The Twins' Tea Party,The Twins' Tea Party1,UA,Korean,English
The Twins' Tea Party,The Twins' Tea Party2,KR,English,Korean
The Twins' Tea Party,The Twins' Tea Party3,JP,English,Japanese
The X-Ray Fiend,The X-Ray Fiend1,UA,English,
The X-Ray Fiend,The X-Ray Fiend2,KR,Korean,
The X-Ray Fiend,The X-Ray Fiend3,JP,English,Japanese
Battle of Santiago Bay,Battle of Santiago Bay1,UA,Japanese,English
Battle of Santiago Bay,Battle of Santiago Bay2,KR,Japanese,Korean
Battle of Santiago Bay,Battle of Santiago Bay3,JP,English,Japanese
A Sea Cave Near Lisbon,A Sea Cave Near Lisbon1,UA,English,
A Sea Cave Near Lisbon,A Sea Cave Near Lisbon2,KR,Japanese,Korean
A Sea Cave Near Lisbon,A Sea Cave Near Lisbon3,JP,Korean,Japanese
Brittania,Brittania1,UA,English,
Brittania,Brittania2,KR,English,Korean
Brittania,Brittania3,JP,Japanese,
The Burglar on the Roof,The Burglar on the Roof1,UA,Japanese,English
The Burglar on the Roof,The Burglar on the Roof2,KR,English,Korean
The Burglar on the Roof,The Burglar on the Roof3,JP,English,Japanese
The Cavalier's Dream,The Cavalier's Dream1,UA,Korean,English
The Cavalier's Dream,The Cavalier's Dream2,KR,Japanese,Korean
The Cavalier's Dream,The Cavalier's Dream3,JP,English,Japanese
The Cave of the Demons,The Cave of the Demons1,UA,Korean,English
The Cave of the Demons,The Cave of the Demons2,KR,English,Korean
The Cave of the Demons,The Cave of the Demons3,JP,English,Japanese
Le chemin de croix,Le chemin de croix1,UA,Japanese,English
Le chemin de croix,Le chemin de croix2,KR,Japanese,Korean
Le chemin de croix,Le chemin de croix3,JP,English,Japanese
Cinderella,Cinderella1,UA,Korean,English
Cinderella,Cinderella2,KR,Japanese,Korean
Cinderella,Cinderella3,JP,Japanese,
The Corsican Brothers,The Corsican Brothers1,UA,Korean,English
The Corsican Brothers,The Corsican Brothers2,KR,English,Korean
The Corsican Brothers,The Corsican Brothers3,JP,Japanese,
Cripple Creek Bar-Room Scene,Cripple Creek Bar-Room Scene1,UA,Japanese,English
Cripple Creek Bar-Room Scene,Cripple Creek Bar-Room Scene2,KR,Korean,
Cripple Creek Bar-Room Scene,Cripple Creek Bar-Room Scene3,JP,English,Japanese
The Deserter,The Deserter1,UA,Japanese,English
The Deserter,The Deserter2,KR,Japanese,Korean
The Deserter,The Deserter3,JP,Korean,Japanese
Dorotea,Dorotea1,UA,Japanese,English
Dorotea,Dorotea2,KR,Korean,
Dorotea,Dorotea3,JP,English,Japanese
"Ella Lola, a la Trilby","Ella Lola, a la Trilby1",UA,English,
"Ella Lola, a la Trilby","Ella Lola, a la Trilby2",KR,Japanese,Korean
"Ella Lola, a la Trilby","Ella Lola, a la Trilby3",JP,Japanese,
Express Train on a Railway Cutting,Express Train on a Railway Cutting1,UA,Japanese,English
Express Train on a Railway Cutting,Express Train on a Railway Cutting2,KR,English,Korean
Express Train on a Railway Cutting,Express Train on a Railway Cutting3,JP,Japanese,
Les farces de Jocko,Les farces de Jocko1,UA,English,
Les farces de Jocko,Les farces de Jocko2,KR,Korean,
Les farces de Jocko,Les farces de Jocko3,JP,Japanese,
Faust and Mephistopheles,Faust and Mephistopheles1,UA,Korean,English
Faust and Mephistopheles,Faust and Mephistopheles2,KR,English,Korean
Faust and Mephistopheles,Faust and Mephistopheles3,JP,English,Japanese
La flagellation,La flagellation1,UA,Korean,English
La flagellation,La flagellation2,KR,Japanese,Korean
La flagellation,La flagellation3,JP,Korean,Japanese
Glasgow Fire Engine,Glasgow Fire Engine1,UA,Japanese,English
Glasgow Fire Engine,Glasgow Fire Engine2,KR,Japanese,Korean
Glasgow Fire Engine,Glasgow Fire Engine3,JP,Japanese,
Gran corrida de toros,Gran corrida de toros1,UA,Korean,English
Gran corrida de toros,Gran corrida de toros2,KR,Japanese,Korean
Gran corrida de toros,Gran corrida de toros3,JP,English,Japanese
Indian War Council,Indian War Council1,UA,Japanese,English
Indian War Council,Indian War Council2,KR,Japanese,Korean
Indian War Council,Indian War Council3,JP,Japanese,
Le jardin des oliviers,Le jardin des oliviers1,UA,Korean,English
Le jardin des oliviers,Le jardin des oliviers2,KR,English,Korean
Le jardin des oliviers,Le jardin des oliviers3,JP,Japanese,
Je vous y prrrrends!,Je vous y prrrrends!1,UA,Korean,English
Je vous y prrrrends!,Je vous y prrrrends!2,KR,Korean,
Je vous y prrrrends!,Je vous y prrrrends!3,JP,Korean,Japanese
London Express,London Express1,UA,Korean,English
London Express,London Express2,KR,English,Korean
London Express,London Express3,JP,Japanese,
The Miller and Chimney Sweep,The Miller and Chimney Sweep1,UA,English,
The Miller and Chimney Sweep,The Miller and Chimney Sweep2,KR,English,Korean
The Miller and Chimney Sweep,The Miller and Chimney Sweep3,JP,Korean,Japanese
Photographing a Ghost,Photographing a Ghost1,UA,English,
Photographing a Ghost,Photographing a Ghost2,KR,English,Korean
Photographing a Ghost,Photographing a Ghost3,JP,Japanese,
A Novice at X-rays,A Novice at X-rays1,UA,English,
A Novice at X-rays,A Novice at X-rays2,KR,English,Korean
A Novice at X-rays,A Novice at X-rays3,JP,English,Japanese
A Trip to the Moon,A Trip to the Moon1,UA,Japanese,English
A Trip to the Moon,A Trip to the Moon2,KR,Korean,
A Trip to the Moon,A Trip to the Moon3,JP,Korean,Japanese
Saida do Paquete Duque de Braganca,Saida do Paquete Duque de Braganca1,UA,Japanese,English
Saida do Paquete Duque de Braganca,Saida do Paquete Duque de Braganca2,KR,Japanese,Korean
Saida do Paquete Duque de Braganca,Saida do Paquete Duque de Braganca3,JP,English,Japanese
Tearing Down the Spanish Flag,Tearing Down the Spanish Flag1,UA,Japanese,English
Tearing Down the Spanish Flag,Tearing Down the Spanish Flag2,KR,Korean,
Tearing Down the Spanish Flag,Tearing Down the Spanish Flag3,JP,English,Japanese
Waves and Spray,Waves and Spray1,UA,English,
Waves and Spray,Waves and Spray2,KR,English,Korean
Waves and Spray,Waves and Spray3,JP,Japanese,
L'affaire Dreyfus,L'affaire Dreyfus1,UA,Korean,English
L'affaire Dreyfus,L'affaire Dreyfus2,KR,English,Korean
L'affaire Dreyfus,L'affaire Dreyfus3,JP,Korean,Japanese
Aladdin and the Wonderful Lamp,Aladdin and the Wonderful Lamp1,UA,Korean,English
Aladdin and the Wonderful Lamp,Aladdin and the Wonderful Lamp2,KR,English,Korean
Aladdin and the Wonderful Lamp,Aladdin and the Wonderful Lamp3,JP,Korean,Japanese
The Artist and the Flower Girl,The Artist and the Flower Girl1,UA,English,
The Artist and the Flower Girl,The Artist and the Flower Girl2,KR,English,Korean
The Artist and the Flower Girl,The Artist and the Flower Girl3,JP,Korean,Japanese
Aspectos da Praia de Cascais,Aspectos da Praia de Cascais1,UA,Japanese,English
Aspectos da Praia de Cascais,Aspectos da Praia de Cascais2,KR,English,Korean
Aspectos da Praia de Cascais,Aspectos da Praia de Cascais3,JP,Japanese,
Au cabaret,Au cabaret1,UA,Japanese,English
Au cabaret,Au cabaret2,KR,English,Korean
Au cabaret,Au cabaret3,JP,Korean,Japanese
L'aveugle,L'aveugle1,UA,Japanese,English
L'aveugle,L'aveugle2,KR,English,Korean
L'aveugle,L'aveugle3,JP,Japanese,
Battlefield,Battlefield1,UA,Korean,English
Battlefield,Battlefield2,KR,Korean,
Battlefield,Battlefield3,JP,Korean,Japanese
Beauty and the Beast,Beauty and the Beast1,UA,Korean,English
Beauty and the Beast,Beauty and the Beast2,KR,Japanese,Korean
Beauty and the Beast,Beauty and the Beast3,JP,English,Japanese
Boat Race,Boat Race1,UA,Japanese,English
Boat Race,Boat Race2,KR,Japanese,Korean
Boat Race,Boat Race3,JP,Japanese,
Bombardment of Mafeking,Bombardment of Mafeking1,UA,English,
Bombardment of Mafeking,Bombardment of Mafeking2,KR,English,Korean
Bombardment of Mafeking,Bombardment of Mafeking3,JP,Korean,Japanese
La bonne absinthe,La bonne absinthe1,UA,Korean,English
La bonne absinthe,La bonne absinthe2,KR,Korean,
La bonne absinthe,La bonne absinthe3,JP,Japanese,
Casey at the Bat,Casey at the Bat1,UA,Japanese,English
Casey at the Bat,Casey at the Bat2,KR,Korean,
Casey at the Bat,Casey at the Bat3,JP,English,Japanese
White princess,White princess1,UA,Japanese,English
White princess,White princess2,KR,Japanese,Korean
White princess,White princess3,JP,Korean,Japanese
Portuguese Railway Train,Portuguese Railway Train1,UA,Korean,English
Portuguese Railway Train,Portuguese Railway Train2,KR,English,Korean
Portuguese Railway Train,Portuguese Railway Train3,JP,English,Japanese
Le chiffonnier,Le chiffonnier1,UA,English,
Le chiffonnier,Le chiffonnier2,KR,Japanese,Korean
Le chiffonnier,Le chiffonnier3,JP,Korean,Japanese
Cleopatra's Tomb,Cleopatra's Tomb1,UA,Korean,English
Cleopatra's Tomb,Cleopatra's Tomb2,KR,Japanese,Korean
Cleopatra's Tomb,Cleopatra's Tomb3,JP,English,Japanese
Haggard's She: The Pillar of Fire,Haggard's She: The Pillar of Fire1,UA,Korean,English
Haggard's She: The Pillar of Fire,Haggard's She: The Pillar of Fire2,KR,Japanese,Korean
Haggard's She: The Pillar of Fire,Haggard's She: The Pillar of Fire3,JP,English,Japanese
Le crucifiement,Le crucifiement1,UA,Korean,English
Le crucifiement,Le crucifiement2,KR,English,Korean
Le crucifiement,Le crucifiement3,JP,Japanese,
Les dangers de l'alcoolisme,Les dangers de l'alcoolisme1,UA,Korean,English
Les dangers de l'alcoolisme,Les dangers de l'alcoolisme2,KR,Korean,
Les dangers de l'alcoolisme,Les dangers de l'alcoolisme3,JP,Japanese,
Danse serpentine par Mme. Bob Walter,Danse serpentine par Mme. Bob Walter1,UA,Japanese,English
Danse serpentine par Mme. Bob Walter,Danse serpentine par Mme. Bob Walter2,KR,Korean,
Danse serpentine par Mme. Bob Walter,Danse serpentine par Mme. Bob Walter3,JP,English,Japanese
Distributing a War Extra,Distributing a War Extra1,UA,English,
Distributing a War Extra,Distributing a War Extra2,KR,Japanese,Korean
Distributing a War Extra,Distributing a War Extra3,JP,Japanese,
La descente de croix,La descente de croix1,UA,Japanese,English
La descente de croix,La descente de croix2,KR,Japanese,Korean
La descente de croix,La descente de croix3,JP,Korean,Japanese
The Sign of the Cross,The Sign of the Cross1,UA,Japanese,English
The Sign of the Cross,The Sign of the Cross2,KR,Japanese,Korean
The Sign of the Cross,The Sign of the Cross3,JP,Korean,Japanese
The Haunted House,The Haunted House1,UA,English,
The Haunted House,The Haunted House2,KR,Japanese,Korean
The Haunted House,The Haunted House3,JP,Japanese,
A Turn of the Century Illusionist,A Turn of the Century Illusionist1,UA,Japanese,English
A Turn of the Century Illusionist,A Turn of the Century Illusionist2,KR,English,Korean
A Turn of the Century Illusionist,A Turn of the Century Illusionist3,JP,Japanese,
King John,King John1,UA,Japanese,English
King John,King John2,KR,English,Korean
King John,King John3,JP,English,Japanese
A Kiss in the Tunnel,A Kiss in the Tunnel1,UA,Korean,English
A Kiss in the Tunnel,A Kiss in the Tunnel2,KR,Japanese,Korean
A Kiss in the Tunnel,A Kiss in the Tunnel3,JP,Korean,Japanese
The Legacy,The Legacy1,UA,Korean,English
The Legacy,The Legacy2,KR,Korean,
The Legacy,The Legacy3,JP,English,Japanese
Llegada del vapor Bellver a Mallorca,Llegada del vapor Bellver a Mallorca1,UA,Korean,English
Llegada del vapor Bellver a Mallorca,Llegada del vapor Bellver a Mallorca2,KR,Japanese,Korean
Llegada del vapor Bellver a Mallorca,Llegada del vapor Bellver a Mallorca3,JP,Korean,Japanese
Matches: An Appeal,Matches: An Appeal1,UA,English,
Matches: An Appeal,Matches: An Appeal2,KR,Korean,
Matches: An Appeal,Matches: An Appeal3,JP,Korean,Japanese
La mauvaise soupe,La mauvaise soupe1,UA,Japanese,English
La mauvaise soupe,La mauvaise soupe2,KR,Korean,
La mauvaise soupe,La mauvaise soupe3,JP,English,Japanese
The Miser's Doom,The Miser's Doom1,UA,Japanese,English
The Miser's Doom,The Miser's Doom2,KR,Japanese,Korean
The Miser's Doom,The Miser's Doom3,JP,Korean,Japanese
Monnaie de lapin,Monnaie de lapin1,UA,Korean,English
Monnaie de lapin,Monnaie de lapin2,KR,Japanese,Korean
Monnaie de lapin,Monnaie de lapin3,JP,English,Japanese
Panorama from the Tower of the Brooklyn Bridge,Panorama from the Tower of the Brooklyn Bridge1,UA,English,
Panorama from the Tower of the Brooklyn Bridge,Panorama from the Tower of the Brooklyn Bridge2,KR,English,Korean
Panorama from the Tower of the Brooklyn Bridge,Panorama from the Tower of the Brooklyn Bridge3,JP,Korean,Japanese
Le tondeur de chiens,Le tondeur de chiens1,UA,Korean,English
Le tondeur de chiens,Le tondeur de chiens2,KR,English,Korean
Le tondeur de chiens,Le tondeur de chiens3,JP,Japanese,
Le tonnelier,Le tonnelier1,UA,Korean,English
Le tonnelier,Le tonnelier2,KR,Korean,
Le tonnelier,Le tonnelier3,JP,Korean,Japanese
Transformations,Transformations1,UA,Korean,English
Transformations,Transformations2,KR,Japanese,Korean
Transformations,Transformations3,JP,English,Japanese
A Midnight Episode,A Midnight Episode1,UA,Korean,English
A Midnight Episode,A Midnight Episode2,KR,English,Korean
A Midnight Episode,A Midnight Episode3,JP,Korean,Japanese
Un lunch,Un lunch1,UA,Korean,English
Un lunch,Un lunch2,KR,Japanese,Korean
Un lunch,Un lunch3,JP,Japanese,
Summoning the Spirits,Summoning the Spirits1,UA,Korean,English
Summoning the Spirits,Summoning the Spirits2,KR,Japanese,Korean
Summoning the Spirits,Summoning the Spirits3,JP,Korean,Japanese
Above the Limit,Above the Limit1,UA,Korean,English
Above the Limit,Above the Limit2,KR,Japanese,Korean
Above the Limit,Above the Limit3,JP,Japanese,
Above the Speedway,Above the Speedway1,UA,Korean,English
Above the Speedway,Above the Speedway2,KR,Korean,
Above the Speedway,Above the Speedway3,JP,Japanese,
As Seen Through a Telescope,As Seen Through a Telescope1,UA,Korean,English
As Seen Through a Telescope,As Seen Through a Telescope2,KR,Japanese,Korean
As Seen Through a Telescope,As Seen Through a Telescope3,JP,English,Japanese
Attack on a China Mission,Attack on a China Mission1,UA,Japanese,English
Attack on a China Mission,Attack on a China Mission2,KR,Korean,
Attack on a China Mission,Attack on a China Mission3,JP,Japanese,
Badinage,Badinage1,UA,Korean,English
Badinage,Badinage2,KR,Korean,
Badinage,Badinage3,JP,English,Japanese
Bataille d'oreillers,Bataille d'oreillers1,UA,English,
Bataille d'oreillers,Bataille d'oreillers2,KR,Japanese,Korean
Bataille d'oreillers,Bataille d'oreillers3,JP,Japanese,
Bataille de boules de neige,Bataille de boules de neige1,UA,English,
Bataille de boules de neige,Bataille de boules de neige2,KR,English,Korean
Bataille de boules de neige,Bataille de boules de neige3,JP,Korean,Japanese
University,University1,UA,Japanese,English
University,University2,KR,English,Korean
University,University3,JP,English,Japanese
USA,USA1,UA,Korean,English
USA,USA2,KR,Japanese,Korean
USA,USA3,JP,English,Japanese
Company,Company1,UA,Korean,English
Company,Company2,KR,English,Korean
Company,Company3,JP,Japanese,
OS,OS1,UA,Korean,English
OS,OS2,KR,English,Korean
OS,OS3,JP,English,Japanese
Chez le photographe,Chez le photographe1,UA,English,
Chez le photographe,Chez le photographe2,KR,English,Korean
Chez le photographe,Chez le photographe3,JP,Japanese,
Chinese Magic,Chinese Magic1,UA,English,
Chinese Magic,Chinese Magic2,KR,English,Korean
Chinese Magic,Chinese Magic3,JP,Japanese,
The Clown and the Alchemist,The Clown and the Alchemist1,UA,English,
The Clown and the Alchemist,The Clown and the Alchemist2,KR,English,Korean
The Clown and the Alchemist,The Clown and the Alchemist3,JP,English,Japanese
La concierge,La concierge1,UA,Japanese,English
La concierge,La concierge2,KR,English,Korean
La concierge,La concierge3,JP,English,Japanese
Coucher d'une Parisienne,Coucher d'une Parisienne1,UA,Japanese,English
Coucher d'une Parisienne,Coucher d'une Parisienne2,KR,English,Korean
Coucher d'une Parisienne,Coucher d'une Parisienne3,JP,English,Japanese
Dance de l'ivresse,Dance de l'ivresse1,UA,English,
Dance de l'ivresse,Dance de l'ivresse2,KR,English,Korean
Dance de l'ivresse,Dance de l'ivresse3,JP,English,Japanese
Dans les coulisses,Dans les coulisses1,UA,English,
Dans les coulisses,Dans les coulisses2,KR,Japanese,Korean
Dans les coulisses,Dans les coulisses3,JP,Japanese,
Danse du papillon,Danse du papillon1,UA,Japanese,English
Danse du papillon,Danse du papillon2,KR,English,Korean
Danse du papillon,Danse du papillon3,JP,Japanese,
La danse du ventre,La danse du ventre1,UA,Korean,English
La danse du ventre,La danse du ventre2,KR,Japanese,Korean
La danse du ventre,La danse du ventre3,JP,English,Japanese
Danse du voile,Danse du voile1,UA,Japanese,English
Danse du voile,Danse du voile2,KR,English,Korean
Danse du voile,Danse du voile3,JP,English,Japanese
2Passion,2Passion1,UA,Korean,English
2Passion,2Passion2,KR,Korean,
2Passion,2Passion3,JP,English,Japanese
Danses,Danses1,UA,Japanese,English
Danses,Danses2,KR,English,Korean
Danses,Danses3,JP,English,Japanese
The Enchanted Drawing,The Enchanted Drawing1,UA,Korean,English
The Enchanted Drawing,The Enchanted Drawing2,KR,Korean,
The Enchanted Drawing,The Enchanted Drawing3,JP,Japanese,
Faust and Marguerite,Faust and Marguerite1,UA,Korean,English
Faust and Marguerite,Faust and Marguerite2,KR,English,Korean
Faust and Marguerite,Faust and Marguerite3,JP,English,Japanese
Gavotte directoire,Gavotte directoire1,UA,Korean,English
Gavotte directoire,Gavotte directoire2,KR,English,Korean
Gavotte directoire,Gavotte directoire3,JP,English,Japanese
Grandma's Reading Glass,Grandma's Reading Glass1,UA,English,
Grandma's Reading Glass,Grandma's Reading Glass2,KR,English,Korean
Grandma's Reading Glass,Grandma's Reading Glass3,JP,Korean,Japanese
L'Habanera,L'Habanera1,UA,Japanese,English
L'Habanera,L'Habanera2,KR,English,Korean
L'Habanera,L'Habanera3,JP,English,Japanese
Le duel d'Hamlet,Le duel d'Hamlet1,UA,Japanese,English
Le duel d'Hamlet,Le duel d'Hamlet2,KR,Japanese,Korean
Le duel d'Hamlet,Le duel d'Hamlet3,JP,English,Japanese
Happy Hooligan,Happy Hooligan1,UA,Japanese,English
Happy Hooligan,Happy Hooligan2,KR,English,Korean
Happy Hooligan,Happy Hooligan3,JP,English,Japanese
The House That Jack Built,The House That Jack Built1,UA,English,
The House That Jack Built,The House That Jack Built2,KR,English,Korean
The House That Jack Built,The House That Jack Built3,JP,Japanese,
How It Feels to Be Run Over,How It Feels to Be Run Over1,UA,Korean,English
How It Feels to Be Run Over,How It Feels to Be Run Over2,KR,Japanese,Korean
How It Feels to Be Run Over,How It Feels to Be Run Over3,JP,Korean,Japanese
Chimmie Hicks and the Rum Omelet,Chimmie Hicks and the Rum Omelet1,UA,Japanese,English
Chimmie Hicks and the Rum Omelet,Chimmie Hicks and the Rum Omelet2,KR,English,Korean
Chimmie Hicks and the Rum Omelet,Chimmie Hicks and the Rum Omelet3,JP,Japanese,
Le lapin,Le lapin1,UA,English,
Le lapin,Le lapin2,KR,Korean,
Le lapin,Le lapin3,JP,English,Japanese
Let Me Dream Again,Let Me Dream Again1,UA,Japanese,English
Let Me Dream Again,Let Me Dream Again2,KR,Japanese,Korean
Let Me Dream Again,Let Me Dream Again3,JP,Japanese,
Undressing Extraordinary,Undressing Extraordinary1,UA,Korean,English
Undressing Extraordinary,Undressing Extraordinary2,KR,Korean,
Undressing Extraordinary,Undressing Extraordinary3,JP,Japanese,
Les vagues,Les vagues1,UA,English,
Les vagues,Les vagues2,KR,English,Korean
Les vagues,Les vagues3,JP,Korean,Japanese
Visita de la escuadra inglesa a Barcelona,Visita de la escuadra inglesa a Barcelona1,UA,Japanese,English
Visita de la escuadra inglesa a Barcelona,Visita de la escuadra inglesa a Barcelona2,KR,English,Korean
Visita de la escuadra inglesa a Barcelona,Visita de la escuadra inglesa a Barcelona3,JP,Korean,Japanese
Sleeping Beauty,Sleeping Beauty1,UA,English,
Sleeping Beauty,Sleeping Beauty2,KR,Japanese,Korean
Sleeping Beauty,Sleeping Beauty3,JP,Korean,Japanese
Jyeol's Wild West Show,Jyeol's Wild West Show1,UA,Korean,English
Jyeol's Wild West Show,Jyeol's Wild West Show2,KR,English,Korean
Jyeol's Wild West Show,Jyeol's Wild West Show3,JP,English,Japanese
Carnaval en las ramblas,Carnaval en las ramblas1,UA,English,
Carnaval en las ramblas,Carnaval en las ramblas2,KR,Japanese,Korean
Carnaval en las ramblas,Carnaval en las ramblas3,JP,Korean,Japanese
Les chiens savants,Les chiens savants1,UA,Korean,English
Les chiens savants,Les chiens savants2,KR,English,Korean
Les chiens savants,Les chiens savants3,JP,Japanese,
Les clowns,Les clowns1,UA,English,
Les clowns,Les clowns2,KR,Japanese,Korean
Les clowns,Les clowns3,JP,Korean,Japanese
La cour des miracles,La cour des miracles1,UA,English,
La cour des miracles,La cour des miracles2,KR,English,Korean
La cour des miracles,La cour des miracles3,JP,Korean,Japanese
The Coronation of King Edward VII,The Coronation of King Edward VII1,UA,English,
The Coronation of King Edward VII,The Coronation of King Edward VII2,KR,Korean,
The Coronation of King Edward VII,The Coronation of King Edward VII3,JP,English,Japanese
Danse excentrique,Danse excentrique1,UA,Japanese,English
Danse excentrique,Danse excentrique2,KR,English,Korean
Danse excentrique,Danse excentrique3,JP,English,Japanese
Mother Goose Nursery Rhymes,Mother Goose Nursery Rhymes1,UA,English,
Mother Goose Nursery Rhymes,Mother Goose Nursery Rhymes2,KR,English,Korean
Mother Goose Nursery Rhymes,Mother Goose Nursery Rhymes3,JP,Korean,Japanese
Le pommier,Le pommier1,UA,Japanese,English
Le pommier,Le pommier2,KR,Japanese,Korean
Le pommier,Le pommier3,JP,Japanese,
Pour secouer la salade,Pour secouer la salade1,UA,Japanese,English
Pour secouer la salade,Pour secouer la salade2,KR,English,Korean
Pour secouer la salade,Pour secouer la salade3,JP,Korean,Japanese
The Prince of Darkness,The Prince of Darkness1,UA,Japanese,English
The Prince of Darkness,The Prince of Darkness2,KR,English,Korean
The Prince of Darkness,The Prince of Darkness3,JP,Japanese,
Midwife to the Upper Classes,Midwife to the Upper Classes1,UA,Korean,English
Midwife to the Upper Classes,Midwife to the Upper Classes2,KR,English,Korean
Midwife to the Upper Classes,Midwife to the Upper Classes3,JP,Korean,Japanese
Demolishing and Building Up the Star Theatre,Demolishing and Building Up the Star Theatre1,UA,Korean,English
Demolishing and Building Up the Star Theatre,Demolishing and Building Up the Star Theatre2,KR,Japanese,Korean
Demolishing and Building Up the Star Theatre,Demolishing and Building Up the Star Theatre3,JP,Korean,Japanese
The Troublesome Fly,The Troublesome Fly1,UA,English,
The Troublesome Fly,The Troublesome Fly2,KR,English,Korean
The Troublesome Fly,The Troublesome Fly3,JP,Japanese,
Adventure of yk.Suh,Adventure of yk.Suh1,UA,Japanese,English
Adventure of yk.Suh,Adventure of yk.Suh2,KR,Korean,
Adventure of yk.Suh,Adventure of yk.Suh3,JP,English,Japanese
